Workbook

Sheet Projekt
B1: Vornamae | C1: Nachname | D1: Kürzel | E1: Matrikelnummer | F1: Projekt | G1: Arc. | H1: Clean Code | I1: Doku | J1: Tests | K1: GUI | L1: Logging/Except. | M1: UML | N1: hhh | O1: Streams | P1: Profiling | Q1: Summe - Projekt | R1: Kommentar | S1: Projekt-Note
B2: Jonas | C2: Öhler | D2: jo041 | E2: 44338 | F2: LMS | G2: 2 | H2: 2 | I2: 3 | J2: 0 | K2: 3 | L2: 3 | M2: 3 | N2: 3 | O2: 3 | P2: 0 | Q2: =SUM(G2:P2) -> 22 | S2: =VLOOKUP(Q2,Notenspiegel!$D$17:$E$47,2,0) -> 2.7
B3: Adib | C3: Shaqaiq | D3: as448 | E3: 44163 | F3: LMS | G3: 2 | H3: 2 | I3: 3 | J3: 0 | K3: 3 | L3: 3 | M3: 3 | N3: 3 | O3: 3 | P3: 0 | Q3: =SUM(G3:P3) -> 22 | S3: =VLOOKUP(Q3,Notenspiegel!$D$17:$E$47,2,0) -> 2.7
Q4: =SUM(G4:P4) -> 0 | S4: =VLOOKUP(Q4,Notenspiegel!$D$17:$E$47,2,0) -> 5
Q5: =SUM(G5:P5) -> 0 | S5: =VLOOKUP(Q5,Notenspiegel!$D$17:$E$47,2,0) -> 5
Q6: =SUM(G6:P6) -> 0 | S6: =VLOOKUP(Q6,Notenspiegel!$D$17:$E$47,2,0) -> 5
Q7: =SUM(G7:P7) -> 0 | S7: =VLOOKUP(Q7,Notenspiegel!$D$17:$E$47,2,0) -> 5
Q8: =SUM(G8:P8) -> 0 | S8: =VLOOKUP(Q8,Notenspiegel!$D$17:$E$47,2,0) -> 5
Q9: =SUM(G9:P9) -> 0 | S9: =VLOOKUP(Q9,Notenspiegel!$D$17:$E$47,2,0) -> 5
Q10: =SUM(G10:P10) -> 0 | S10: =VLOOKUP(Q10,Notenspiegel!$D$17:$E$47,2,0) -> 5
Q11: =SUM(G11:P11) -> 0 | S11: =VLOOKUP(Q11,Notenspiegel!$D$17:$E$47,2,0) -> 5
Q12: =SUM(G12:P12) -> 0 | S12: =VLOOKUP(Q12,Notenspiegel!$D$17:$E$47,2,0) -> 5
Q13: =SUM(G13:P13) -> 0 | S13: =VLOOKUP(Q13,Notenspiegel!$D$17:$E$47,2,0) -> 5
Q14: =SUM(G14:P14) -> 0 | S14: =VLOOKUP(Q14,Notenspiegel!$D$17:$E$47,2,0) -> 5
Q15: =SUM(G15:P15) -> 0 | S15: =VLOOKUP(Q15,Notenspiegel!$D$17:$E$47,2,0) -> 5
... Q80: =SUM(G80:P80) -> 0 | S80: =VLOOKUP(Q80,Notenspiegel!$D$17:$E$47,2,0) -> 5

Sheet Klausur
A1: Vorname | B1: Nachname | C1: Kürzel | D1: Matrikelnummer | E1: Aufgabe 1 | F1: Aufgabe 2 | G1: Aufgabe 3 | H1: Aufgabe 4 | I1: Aufgabe 5 | J1: Aufgabe 6 | K1: Aufgabe 7 | L1: Aufgabe 8 | M1: Aufgabe 9 | N1: Aufgabe 10 | O1: Punkte | P1: Note
O2: =SUM(E2:N2) -> 0 | P2: =VLOOKUP(O2,Notenspiegel!$A$17:$B$117,2,0) -> 5
O3: =SUM(E3:N3) -> 0 | P3: =VLOOKUP(O3,Notenspiegel!$A$17:$B$117,2,0) -> 5
O4: =SUM(E4:N4) -> 0 | P4: =VLOOKUP(O4,Notenspiegel!$A$17:$B$117,2,0) -> 5
O5: =SUM(E5:N5) -> 0 | P5: =VLOOKUP(O5,Notenspiegel!$A$17:$B$117,2,0) -> 5
O6: =SUM(E6:N6) -> 0 | P6: =VLOOKUP(O6,Notenspiegel!$A$17:$B$117,2,0) -> 5
O7: =SUM(E7:N7) -> 0 | P7: =VLOOKUP(O7,Notenspiegel!$A$17:$B$117,2,0) -> 5
O8: =SUM(E8:N8) -> 0 | P8: =VLOOKUP(O8,Notenspiegel!$A$17:$B$117,2,0) -> 5
O9: =SUM(E9:N9) -> 0 | P9: =VLOOKUP(O9,Notenspiegel!$A$17:$B$117,2,0) -> 5
O10: =SUM(E10:N10) -> 0 | P10: =VLOOKUP(O10,Notenspiegel!$A$17:$B$117,2,0) -> 5
O11: =SUM(E11:N11) -> 0 | P11: =VLOOKUP(O11,Notenspiegel!$A$17:$B$117,2,0) -> 5
O12: =SUM(E12:N12) -> 0 | P12: =VLOOKUP(O12,Notenspiegel!$A$17:$B$117,2,0) -> 5
O13: =SUM(E13:N13) -> 0 | P13: =VLOOKUP(O13,Notenspiegel!$A$17:$B$117,2,0) -> 5
... O79: =SUM(E79:N79) -> 0 | P79: =VLOOKUP(O79,Notenspiegel!$A$17:$B$117,2,0) -> 5

Sheet Gesamtnote
A1: Vorname | B1: Nachname | C1: Kürzel | D1: Matrikelnummer | E1: Projekt | F1: Klausur | G1: Gesamtnote
G2: =(E2+(F2*2))/3 -> 0
G3: =(E3+(F3*2))/3 -> 0
G4: =(E4+(F4*2))/3 -> 0
G5: =(E5+(F5*2))/3 -> 0
G6: =(E6+(F6*2))/3 -> 0
G7: =(E7+(F7*2))/3 -> 0
G8: =(E8+(F8*2))/3 -> 0
G9: =(E9+(F9*2))/3 -> 0
G10: =(E10+(F10*2))/3 -> 0
G11: =(E11+(F11*2))/3 -> 0
G12: =(E12+(F12*2))/3 -> 0
G13: =(E13+(F13*2))/3 -> 0
... G80: =(E80+(F80*2))/3 -> 0

Sheet Notenspiegel
A1: Klausur | D1: Projekt | H1: Klausur
A3: Punkte | B3: Note | D3: Punkte | E3: Note | H3: Min | I3: Max | J3: Note
A4: 96 - 100 | B4: 1 | D4: 29 - 30 | E4: 1 | H4: 96 | I4: 100 | J4: 1
A5: 91 - 95 | B5: 1.3 | D5: 27 -28 | E5: 1.3 | H5: 91 | I5: 95 | J5: 1.3
A6: 85 - 90 | B6: 1.7 | D6: 25 - 26 | E6: 1.7 | H6: 85 | I6: 90 | J6: 1.7
A7: 80 - 84 | B7: 2 | D7: 24 | E7: 2 | H7: 80 | I7: 84 | J7: 2
A8: 75 - 79 | B8: 2.3 | D8: 23 | E8: 2.3 | H8: 75 | I8: 79 | J8: 2.3
A9: 70 - 74 | B9: 2.7 | D9: 21 - 22 | E9: 2.7 | H9: 70 | I9: 74 | J9: 2.7
A10: 65 - 69 | B10: 3 | D10: 20 | E10: 3 | H10: 65 | I10: 69 | J10: 3
A11: 60 - 64 | B11: 3.3 | D11: 18 - 19 | E11: 3.3 | H11: 60 | I11: 64 | J11: 3.3
A12: 55 - 59 | B12: 3.7 | D12: 17 | E12: 3.7 | H12: 55 | I12: 59 | J12: 3.7
A13: 50 - 54 | B13: 4 | D13: 15 -16 | E13: 4 | H13: 50 | I13: 54 | J13: 4
A14: 15 - 49 | B14: 4.7 | D14: 5 - 14 | E14: 4.7 | H14: 15 | I14: 49 | J14: 4.7
A15: 0 - 14 | B15: 5 | D15: 0 - 4 | E15: 5 | H15: 0 | I15: 14 | J15: 5
A17: 100 | B17: 1 | D17: 30 | E17: 1
A18: 99 | B18: 1 | D18: 29 | E18: 1
A19: 98 | B19: 1 | D19: 28 | E19: 1.3
A20: 97 | B20: 1 | D20: 27 | E20: 1.3
A21: 96 | B21: 1 | D21: 26 | E21: 1.7
A22: 95 | B22: 1.3 | D22: 25 | E22: 1.7
A23: 94 | B23: 1.3 | D23: 24 | E23: 2
A24: 93 | B24: 1.3 | D24: 23 | E24: 2.3
A25: 92 | B25: 1.3 | D25: 22 | E25: 2.7
A26: 91 | B26: 1.3 | D26: 21 | E26: 2.7
A27: 90 | B27: 1.7 | D27: 20 | E27: 3
A28: 89 | B28: 1.7 | D28: 19 | E28: 3.3
... A47: 70 | B47: 2.7 | D47: 0 | E47: 5
A48: 69 | B48: 3
A49: 68 | B49: 3
A50: 67 | B50: 3
A51: 66 | B51: 3
A52: 65 | B52: 3
A53: 64 | B53: 3.3
A54: 63 | B54: 3.3
A55: 62 | B55: 3.3
A56: 61 | B56: 3.3
A57: 60 | B57: 3.3
A58: 59 | B58: 3.7
A59: 58 | B59: 3.7
... A117: 0 | B117: 5
